<?xml version="1.0" encoding="UTF-8"?>
<project-private xmlns="http://www.netbeans.org/ns/project-private/1">
    <editor-bookmarks xmlns="http://www.netbeans.org/ns/editor-bookmarks/2" lastBookmarkId="0"/>
    <open-files xmlns="http://www.netbeans.org/ns/projectui-open-files/2">
        <group>
            <file>file:/Users/justincuzulan/NetBeansProjects/CS102-projektniZadatak/src/Projekat/KoZnaZna.java</file>
            <file>file:/Users/justincuzulan/NetBeansProjects/CS102-projektniZadatak/src/Projekat/PripremaZaIgru.java</file>
            <file>file:/Users/justincuzulan/NetBeansProjects/CS102-projektniZadatak/src/Projekat/Igrac.java</file>
            <file>file:/Users/justincuzulan/NetBeansProjects/CS102-projektniZadatak/src/Projekat/Baza.java</file>
            <file>file:/Users/justincuzulan/NetBeansProjects/CS102-projektniZadatak/src/Projekat/Asocijacije.java</file>
            <file>file:/Users/justincuzulan/NetBeansProjects/CS102-projektniZadatak/src/Projekat/Rijeci.java</file>
            <file>file:/Users/justincuzulan/NetBeansProjects/CS102-projektniZadatak/src/Projekat/Igra.java</file>
        </group>
    </open-files>
</project-private>
